"","pert_iname","clinical_phase","moa","target","mean","n","median","sd","sRGES"
"171","PD-0325901","Phase 2","MEK inhibitor","MAP2K1",-0.917270868191114,1,-0.917270868191114,NA,-0.917270868191114
"81","entinostat","Phase 3","HDAC inhibitor","HDAC1|HDAC2|HDAC3|HDAC9",-0.904815021379439,1,-0.904815021379439,NA,-0.904815021379439
"150","neratinib","Phase 3","EGFR inhibitor","EGFR|ERBB2|KDR",-0.841017537336556,1,-0.841017537336556,NA,-0.841017537336556
"127","loratadine","Launched","histamine receptor antagonist","HRH1",-0.831660159881019,1,-0.831660159881019,NA,-0.831660159881019
"203","rucaparib","Phase 3","PARP inhibitor","PARP1|PARP2",-0.817066369213608,1,-0.817066369213608,NA,-0.817066369213608
"134","metitepine","Preclinical","anti-HCVE2","HTR1A|HTR1B|HTR1D|HTR1E|HTR1F|HTR2A|HTR2B|HTR2C|HTR5A|HTR6|HTR7",-0.806748466257669,1,-0.806748466257669,NA,-0.806748466257669
"205","ryuvidine","Preclinical","histone lysine methyltransferase inhibitor","CDK2|CDK4",-0.770310466629485,1,-0.770310466629485,NA,-0.770310466629485
"118","kenpaullone","Preclinical","CDK inhibitor|glycogen synthase kinase inhibitor","CCNB1|CDK1|CDK5|GSK3B",-0.76907107888703,1,-0.76907107888703,NA,-0.76907107888703
"95","ezetimibe","Launched","cholesterol inhibitor|Niemann-Pick C1-like 1 protein antagonist","ANPEP|NPC1L1|SOAT1",-0.742889012827663,1,-0.742889012827663,NA,-0.742889012827663
"78","DR-2313","Preclinical","PARP inhibitor","PARP1|PARP3",-0.739635620003718,1,-0.739635620003718,NA,-0.739635620003718
"84","epothilone-a","Preclinical","microtubule stabilizing agent","",-0.730619074177356,1,-0.730619074177356,NA,-0.730619074177356
"77","doxycycline","Launched","metalloproteinase inhibitor","MMP8",-0.728481130321621,1,-0.728481130321621,NA,-0.728481130321621
"94","EX-527","Phase 2","SIRT inhibitor","SIRT1",-0.718442089607734,1,-0.718442089607734,NA,-0.718442089607734
"212","selamectin","Launched","nematocide","",-0.712493028443949,1,-0.712493028443949,NA,-0.712493028443949
"209","SB-216763","Preclinical","glycogen synthase kinase inhibitor","CCNA2|CDK2|GSK3A|GSK3B",-0.711191671314371,1,-0.711191671314371,NA,-0.711191671314371
"116","irinotecan","Launched","topoisomerase inhibitor","TOP1|TOP1MT",-0.691764268451385,1,-0.691764268451385,NA,-0.691764268451385
"135","MG-132","Preclinical","proteasome inhibitor","PSMB1",-0.691469913862552,2,-0.691469913862552,0.140636996605207,-0.691469913862552
"23","azacitidine","Launched","DNA methyltransferase inhibitor","DNMT1|DNMT3A",-0.68311953894776,1,-0.68311953894776,NA,-0.68311953894776
"131","mephenytoin","Launched","hydantoin antiepileptic","SCN10A|SCN11A|SCN1A|SCN2A|SCN3A|SCN4A|SCN5A|SCN7A|SCN8A|SCN9A",-0.678285926752184,1,-0.678285926752184,NA,-0.678285926752184
"10","amlodipine","Launched","calcium channel blocker","CA1|CACNA1B|CACNA1C|CACNA1D|CACNA1F|CACNA1S|CACNA2D1|CACNA2D3|CACNB1|CACNB2|SMPD1",-0.674010039040714,1,-0.674010039040714,NA,-0.674010039040714
"238","torin-1","Preclinical","mTOR inhibitor","MTOR",-0.668401809506104,1,-0.668401809506104,NA,-0.668401809506104
"231","tetrindole","Phase 3","monoamine oxidase inhibitor","MAOA",-0.665086447295036,1,-0.665086447295036,NA,-0.665086447295036
"196","pyrvinium-pamoate","Launched","androgen receptor antagonist","AR",-0.658393753485778,2,-0.658393753485778,0.0382539641801975,-0.658393753485778
"247","triciribine","Phase 1/Phase 2","AKT inhibitor","AKT1|AKT2|AKT3",-0.653188324967466,1,-0.653188324967466,NA,-0.653188324967466
"172","perhexiline","Launched","carnitine palmitoyltransferase inhibitor","CPT1A|CPT2",-0.64900539133668,1,-0.64900539133668,NA,-0.64900539133668
"63","dacinostat","Phase 1","HDAC inhibitor","HDAC1|HDAC2|HDAC3|HDAC4|HDAC5|HDAC6|HDAC7|HDAC8|HDAC9",-0.629670942554378,1,-0.629670942554378,NA,-0.629670942554378
"276","zuclopenthixol","Launched","dopamine receptor antagonist","ADRA1A|ADRA2A|DRD1|DRD2|DRD5|HRH1|HTR2A",-0.624372559955382,1,-0.624372559955382,NA,-0.624372559955382
"36","butein","Preclinical","EGFR inhibitor|src inhibitor","ACE",-0.623721881390593,1,-0.623721881390593,NA,-0.623721881390593
"188","prochlorperazine","Launched","dopamine receptor antagonist","DRD1|DRD2|DRD3|DRD4",-0.599367912251348,1,-0.599367912251348,NA,-0.599367912251348
"102","fluvastatin","Launched","HMGCR inhibitor","HMGCR",-0.595417363822272,2,-0.595417363822272,0.0391084341704777,-0.595417363822272
"243","trametinib","Launched","MEK inhibitor","MAP2K1|MAP2K2",-0.591745677635248,1,-0.591745677635248,NA,-0.591745677635248
"21","auranofin","Launched","NFkB pathway inhibitor","IKBKB|PRDX5|TRPA1",-0.586261386874884,1,-0.586261386874884,NA,-0.586261386874884
"124","lapatinib","Launched","EGFR inhibitor","EGFR|ERBB2",-0.586261386874884,1,-0.586261386874884,NA,-0.586261386874884
"22","AZ-628","Preclinical","RAF inhibitor","BRAF|RAF1",-0.583658672615728,1,-0.583658672615728,NA,-0.583658672615728
"219","STAT3-inhibitor-VI","Preclinical","STAT inhibitor","STAT3",-0.583565718535044,1,-0.583565718535044,NA,-0.583565718535044
"66","daunorubicin","Launched","RNA synthesis inhibitor|topoisomerase inhibitor","TOP2A|TOP2B",-0.581427774679308,1,-0.581427774679308,NA,-0.581427774679308
"192","purmorphamine","Preclinical","smoothened receptor agonist","SMO",-0.569204313069343,2,-0.569204313069343,0.0727614060953251,-0.569204313069343
"258","vemurafenib","Launched","RAF inhibitor","BRAF|RAF1",-0.552952841296399,1,-0.552952841296399,NA,-0.552952841296399
"206","saclofen","Preclinical","GABA receptor antagonist","GABBR1|GABBR2|KCTD12|KCTD16|KCTD8",-0.550752928053542,1,-0.550752928053542,NA,-0.550752928053542
"17","asiatic-acid","Preclinical","apoptosis stimulant","PYGM",-0.541457519985127,1,-0.541457519985127,NA,-0.541457519985127
"136","MGCD-265","Preclinical","VEGFR inhibitor","AXL|MET",-0.541426535291566,1,-0.541426535291566,NA,-0.541426535291566
"166","PAC-1","Phase 1","caspase activator","CASP3",-0.541364565904443,1,-0.541364565904443,NA,-0.541364565904443
"99","fenretinide","Phase 3","apoptosis stimulant|retinoid receptor agonist","RARA",-0.540992749581707,1,-0.540992749581707,NA,-0.540992749581707
"109","GSK-3-inhibitor-IX","Preclinical","glycogen synthase kinase inhibitor|lipoxygenase inhibitor","GSK3A|GSK3B",-0.540435025097602,1,-0.540435025097602,NA,-0.540435025097602
"48","chenodeoxycholic-acid","Launched","11-beta hydroxysteroid dehydrogenase inhibitor|FXR agonist","NR1H4",-0.539319576129392,1,-0.539319576129392,NA,-0.539319576129392
"45","cefixime","Launched","bacterial cell wall synthesis inhibitor","",-0.535787321063395,1,-0.535787321063395,NA,-0.535787321063395
"73","dipyridamole","Launched","phosphodiesterase inhibitor","ADA|PDE10A|PDE1A|PDE1B|PDE1C|PDE2A|PDE3A|PDE3B|PDE4A|PDE4B|PDE4C|PDE4D|PDE5A|PDE6A|PDE6B|PDE6C|PDE6D|PDE6G|PDE6H|PDE7A|PDE7B|PDE8A|PDE8B|PDE9A|SLC29A1",-0.534578918014501,1,-0.534578918014501,NA,-0.534578918014501
"58","crizotinib","Launched","ALK tyrosine kinase receptor inhibitor","ALK|MET",-0.527421453801822,1,-0.527421453801822,NA,-0.527421453801822
"160","NVP-TAE684","Preclinical","ALK tyrosine kinase receptor inhibitor","ALK|INSR",-0.522634318646588,2,-0.522634318646588,0.0548832647602501,-0.522634318646588
"222","tacrolimus","Launched","calcineurin inhibitor","FKBP1A",-0.515430377393567,2,-0.515430377393567,0.0863671974790041,-0.515430377393567
"252","tyrphostin-AG-1478","Preclinical","EGFR inhibitor","EGFR|MAPK14",-0.513338910578174,2,-0.513338910578174,0.0162349298153074,-0.513338910578174
"37","BX-795","Preclinical","IKK inhibitor","CDK2|CHEK1|GSK3B|KDR|PDK1|PDPK1",-0.512455846811675,1,-0.512455846811675,NA,-0.512455846811675
"193","puromycin","Preclinical","protein synthesis inhibitor","NHP2L1|RPL10L|RPL11|RPL13A|RPL15|RPL19|RPL23|RPL23A|RPL26L1|RPL3|RPL37|RPL8|RSL24D1",-0.509853132552519,1,-0.509853132552519,NA,-0.509853132552519
"215","sildenafil","Launched","phosphodiesterase inhibitor","PDE5A|PDE6G|PDE6H|SLCO1B1|SLCO1B3",-0.50628989279296,1,-0.50628989279296,NA,-0.50628989279296
"145","MNITMT","Preclinical","lymphocyte inhibitor","",-0.496281836772634,1,-0.496281836772634,NA,-0.496281836772634
"191","PSB-06126","Preclinical","NTPDase inhibitor","ENTPD3",-0.495259341885109,1,-0.495259341885109,NA,-0.495259341885109
"159","NVP-AUY922","Phase 2","HSP inhibitor","HSP90AA1|HSP90AB1",-0.486645597075045,2,-0.486645597075045,0.038867429814245,-0.486645597075045
"97","fenobam","Phase 2","glutamate receptor antagonist","GRM5",-0.47620375534486,1,-0.47620375534486,NA,-0.47620375534486
"210","SB-590885","Preclinical","RAF inhibitor","BRAF",-0.475181260457334,1,-0.475181260457334,NA,-0.475181260457334
"176","phenacetin","Withdrawn","cyclooxygenase inhibitor","PTGS1",-0.465421081985499,1,-0.465421081985499,NA,-0.465421081985499
"29","bisacodyl","Launched","laxative","",-0.456311582078453,1,-0.456311582078453,NA,-0.456311582078453
"123","lacidipine","Launched","calcium channel blocker","CACNA1C",-0.454080684142034,1,-0.454080684142034,NA,-0.454080684142034
"104","fostamatinib","Phase 3","SYK inhibitor","RET|SYK",-0.452670880584991,2,-0.452670880584991,0.115660181504734,-0.452670880584991
"59","curcumin","Launched","cyclooxygenase inhibitor|histone acetyltransferase inhibitor|lipoxygenase inhibitor|NFkB pathway inhibitor","APP|CA1|CA12|CA14|CA2|CA4|CA6|CA9|CYP3A4|DNMT3B|EP300|MMP13|MMP9|NOS2|PTGS1|PTGS2|XDH",-0.452035694366983,1,-0.452035694366983,NA,-0.452035694366983
"93","evodiamine","Preclinical","ATPase inhibitor|TRPV agonist","TRPV1",-0.452035694366983,1,-0.452035694366983,NA,-0.452035694366983
"56","cortisone","Launched","glucocorticoid receptor agonist","NR3C1",-0.448224577058933,1,-0.448224577058933,NA,-0.448224577058933
"20","ATPA","Preclinical","glutamate receptor agonist","GRIA2|GRIK1",-0.434746235359732,1,-0.434746235359732,NA,-0.434746235359732
"115","immepip","Preclinical","histamine receptor agonist","HRH3|HRH4",-0.432422383342629,1,-0.432422383342629,NA,-0.432422383342629
"174","PF-562271","Phase 1","focal adhesion kinase inhibitor","PTK2|PTK2B",-0.42796058746979,1,-0.42796058746979,NA,-0.42796058746979
"230","tetrabenazine","Launched","vesicular monoamine transporter inhibitor","DRD2|SLC18A1|SLC18A2",-0.423498791596951,1,-0.423498791596951,NA,-0.423498791596951
"156","nortriptyline","Launched","tricyclic antidepressant","ADRA1A|ADRA1B|ADRA1D|ADRA2A|ADRA2B|ADRA2C|ADRB1|ADRB2|ADRB3|CHRM1|CHRM2|CHRM3|CHRM4|CHRM5|DRD2|HRH1|HTR1A|HTR2A|HTR2C|HTR6|KCNJ10|PGRMC1|SIGMAR1|SLC6A2|SLC6A4",-0.416155419222904,1,-0.416155419222904,NA,-0.416155419222904
"14","andarine","Phase 1","androgen receptor modulator","AR",-0.415597694738799,1,-0.415597694738799,NA,-0.415597694738799
"35","brucine","Preclinical","glycine receptor antagonist","CHRM1|CHRM2|CHRM3|CHRM4|CHRM5",-0.414110429447853,1,-0.414110429447853,NA,-0.414110429447853
"177","phenothiazine","Preclinical","dopamine receptor antagonist","",-0.413459750883064,1,-0.413459750883064,NA,-0.413459750883064
"163","olvanil","Preclinical","TRPV agonist","CNR1|GPR119|TRPV1",-0.40732478155791,1,-0.40732478155791,NA,-0.40732478155791
"41","carbamazepine","Launched","carboxamide antiepileptic","SCN10A|SCN11A|SCN1A|SCN2A|SCN3A|SCN4A|SCN5A|SCN7A|SCN8A|SCN9A",-0.406116378509017,1,-0.406116378509017,NA,-0.406116378509017
"236","toltrazuril","Launched","antiprotozoal agent","",-0.40416434281465,1,-0.40416434281465,NA,-0.40416434281465
"46","cefotaxime","Launched","bacterial cell wall synthesis inhibitor","",-0.40304889384644,1,-0.40304889384644,NA,-0.40304889384644
"129","mebendazole","Launched","tubulin polymerization inhibitor","TUBA1A|TUBB|TUBB4B",-0.4003532255066,1,-0.4003532255066,NA,-0.4003532255066
"105","gaboxadol","Phase 3","benzodiazepine receptor agonist","GABRA1|GABRA2|GABRA3|GABRA4|GABRA5|GABRA6|GABRD|GABRR1|GABRR2|GABRR3",-0.399795501022495,1,-0.399795501022495,NA,-0.399795501022495
"126","lonidamine","Launched","glucokinase inhibitor","GCK",-0.398680052054285,1,-0.398680052054285,NA,-0.398680052054285
"220","stavudine","Launched","DNA directed DNA polymerase inhibitor|nucleoside reverse transcriptase inhibitor","",-0.397285740844023,1,-0.397285740844023,NA,-0.397285740844023
"42","carbenoxolone","Launched","11-beta hydroxysteroid dehydrogenase inhibitor","GJA1|GJA10|GJA3|GJA4|GJA5|GJA8|GJA9|GJB1|GJB2|GJB3|GJB4|GJB5|GJB6|GJB7|GJC1|GJC2|GJC3|GJD2|GJD3|GJD4|GJE1|HSD11B1|PANX1|PANX2|PANX3",-0.394032348020078,1,-0.394032348020078,NA,-0.394032348020078
"255","UCL-2077","Preclinical","slow afterhyperpolarization channel blocker","",-0.378880832868563,1,-0.378880832868563,NA,-0.378880832868563
"91","etifenin","Preclinical","renal function diagnostic agent","",-0.375627440044618,1,-0.375627440044618,NA,-0.375627440044618
"61","cytochalasin-b","Phase 2","microtubule inhibitor","ACTB",-0.370236103364938,1,-0.370236103364938,NA,-0.370236103364938
"194","PX-12","Phase 2","thioredoxin inhibitor","TXN|TXNRD1",-0.365960215653467,1,-0.365960215653467,NA,-0.365960215653467
"138","mibefradil","Withdrawn","T-type calcium channel blocker","ANO1|CACNA1C|CACNA1D|CACNA1F|CACNA1G|CACNA1H|CACNA1I|CACNA1S|CACNB1|CACNB2|CACNB3|CACNB4|CATSPER1|CATSPER2|CATSPER3|CATSPER4",-0.363450455474995,1,-0.363450455474995,NA,-0.363450455474995
"152","nimodipine","Launched","calcium channel blocker","AHR|CACNA1C|CACNA1D|CACNA1F|CACNA1S|CACNB1|CACNB2|CACNB3|CACNB4|CFTR|NR3C2",-0.362242052426101,1,-0.362242052426101,NA,-0.362242052426101
"153","nitazoxanide","Launched","pyruvate ferredoxin oxidoreductase inhibitor","",-0.359174567763525,1,-0.359174567763525,NA,-0.359174567763525
"233","thiotepa","Launched","cytochrome P450 inhibitor","CYP2B6|CYP3A4",-0.345417363822272,1,-0.345417363822272,NA,-0.345417363822272
"100","FGIN-1-43","Preclinical","benzodiazepine receptor agonist","TSPO",-0.3429076036438,1,-0.3429076036438,NA,-0.3429076036438
"140","mitomycin-c","Launched","DNA alkylating agent|DNA synthesis inhibitor","",-0.342303402119353,2,-0.342303402119353,0.67430827925198,-0.342303402119353
"122","L-733060","Preclinical","tachykinin antagonist","TACR1",-0.340769659788065,1,-0.340769659788065,NA,-0.340769659788065
"248","trifluoperazine","Launched","dopamine receptor antagonist","ADRA1A|CALM1|CALY|DRD2|DRD4|HRH1|HTR2A|HTR2C|S100A4|TNNC1",-0.33505298382599,2,-0.33505298382599,0.335938163101361,-0.33505298382599
"202","RS-23597-190","Preclinical","serotonin receptor antagonist","HTR4",-0.328220858895706,1,-0.328220858895706,NA,-0.328220858895706
"161","olaparib","Launched","PARP inhibitor","PARP1|PARP2",-0.324864183759889,3,-0.526739790543471,0.58625855002972,-0.324864183759889
"187","procainamide","Launched","sodium channel blocker","DNMT1|SCN5A",-0.32227179773192,1,-0.32227179773192,NA,-0.32227179773192
"224","tamoxifen","Launched","estrogen receptor antagonist|selective estrogen receptor modulator (SERM)","EBP|ESR1|ESR2|GPER1|PRKCA|PRKCB|PRKCD|PRKCE|PRKCG|PRKCI|PRKCQ|PRKCZ",-0.314742517196505,1,-0.314742517196505,NA,-0.314742517196505
"223","talniflumate","Launched","cyclooxygenase inhibitor","CLCA1",-0.306190741773564,1,-0.306190741773564,NA,-0.306190741773564
"27","bergenin","Preclinical","interleukin inhibitor","IL1B|TNF",-0.296244655140361,1,-0.296244655140361,NA,-0.296244655140361
"103","forskolin","Launched","adenylyl cyclase activator","ADCY2|ADCY5|GNAS",-0.294803866889757,2,-0.294803866889757,0.328970946257545,-0.294803866889757
"234","thiothixene","Launched","dopamine receptor antagonist","DRD1|DRD2|HRH1|HTR2A",-0.29419966536531,1,-0.29419966536531,NA,-0.29419966536531
"164","OSI-027","Phase 1","mTOR inhibitor","MTOR",-0.290187147549111,2,-0.290187147549111,0.40631143512129,-0.290187147549111
"186","prednisolone","Launched","glucocorticoid receptor agonist","NR3C1|NR3C2|SERPINA6",-0.289087190927681,2,-0.289087190927681,0.171419825742194,-0.289087190927681
"237","topotecan","Launched","topoisomerase inhibitor","TOP1|TOP1MT",-0.281712833860073,3,-0.457798847369399,0.391704308561754,-0.281712833860073
"183","pizotifen","Launched","serotonin receptor antagonist","HTR1A|HTR2A|HTR2C",-0.280163599182004,2,-0.280163599182004,0.0302350919637309,-0.280163599182004
"151","nilotinib","Launched","Abl kinase inhibitor|Bcr-Abl kinase inhibitor","ABL1|KIT",-0.275701803309165,1,-0.275701803309165,NA,-0.275701803309165
"119","KI-8751","Preclinical","KIT inhibitor|PDGFR tyrosine kinase receptor inhibitor|VEGFR inhibitor","KDR",-0.256832124930284,1,-0.256832124930284,NA,-0.256832124930284
"67","dequalinium","Launched","PKC inhibitor","KCNN1|KCNN3",-0.237869492470719,1,-0.237869492470719,NA,-0.237869492470719
"11","amodiaquine","Launched","histamine receptor agonist","HNMT",-0.223182747722625,1,-0.223182747722625,NA,-0.223182747722625
"111","hydroflumethiazide","Launched","sodium/potassium/chloride transporter inhibitor","ATP1A1|CA1|CA12|CA2|CA4|CA9|KCNMA1|SLC12A1|SLC12A3",-0.221137757947574,1,-0.221137757947574,NA,-0.221137757947574
"76","doxorubicin","Launched","topoisomerase inhibitor","TOP2A",-0.21834913552705,2,-0.21834913552705,0.448793930279025,-0.21834913552705
"96","fenbendazole","Launched","tubulin polymerization inhibitor","TUBB",-0.218163227365681,1,-0.218163227365681,NA,-0.218163227365681
"254","ubenimex","Launched","leukotriene synthesis inhibitor","LTA4H|RNPEP",-0.215188696783789,1,-0.215188696783789,NA,-0.215188696783789
"68","desipramine","Launched","tricyclic antidepressant","ADRA1A|ADRA1B|ADRA1D|ADRA2A|ADRA2B|ADRA2C|ADRB1|ADRB2|CHRM1|CHRM2|CHRM3|CHRM4|CHRM5|DRD2|HRH1|HTR1A|HTR2A|HTR2C|SLC6A2|SLC6A4|SMPD1",-0.20803123257111,1,-0.20803123257111,NA,-0.20803123257111
"216","sirolimus","Launched","mTOR inhibitor","FGF2|FKBP1A|MTOR",-0.207266943463262,6,-0.175249426783169,0.351586706653203,-0.207266943463262
"178","PI-103","Preclinical","mTOR inhibitor|PI3K inhibitor","MTOR|PIK3CA|PIK3CB|PIK3CD|PIK3CG|PRKDC",-0.199386503067485,1,-0.199386503067485,NA,-0.199386503067485
"92","everolimus","Launched","mTOR inhibitor","MTOR",-0.189440416434282,1,-0.189440416434282,NA,-0.189440416434282
"214","SIB-1893","Preclinical","glutamate receptor antagonist","GRM4|GRM5",-0.183026584867076,1,-0.183026584867076,NA,-0.183026584867076
"221","suloctidil","Withdrawn","adrenergic receptor antagonist","",-0.177170477783975,2,-0.177170477783975,0.385037323312028,-0.177170477783975
"189","progesterone","Launched","progesterone receptor agonist","CATSPER1|CATSPER2|CATSPER3|CATSPER4|CYP17A1|ESR1|NR3C2|OPRK1|PGR|TRPC5",-0.173173452314557,2,-0.173173452314557,0.289862512087068,-0.173173452314557
"217","SKF-83566","Preclinical","dopamine receptor antagonist","DRD1|DRD5",-0.171965049265663,1,-0.171965049265663,NA,-0.171965049265663
"8","AM-580","Preclinical","retinoid receptor agonist","RARA",-0.166573712585982,1,-0.166573712585982,NA,-0.166573712585982
"110","heptaminol","Launched","vasoconstrictor","",-0.150492656627626,1,-0.150492656627626,NA,-0.150492656627626
"244","tretinoin","Launched","retinoid receptor agonist|retinoid receptor ligand","ALDH1A1|ALDH1A2|GPRC5A|NR0B1|NR2C2|PPARD|RARA|RARB|RARG|RARRES1|RORB|RORC|RXRB|RXRG",-0.1494701617401,1,-0.1494701617401,NA,-0.1494701617401
"195","pyroxamide","Phase 1","HDAC inhibitor","HDAC1",-0.146123814835471,1,-0.146123814835471,NA,-0.146123814835471
"154","norethisterone","Launched","progesterone receptor agonist","PGR",-0.144171779141104,1,-0.144171779141104,NA,-0.144171779141104
"257","valproic-acid","Launched","HDAC inhibitor","ABAT|ACADSB|ALDH5A1|HDAC1|HDAC2|HDAC9|OGDH|SCN10A|SCN11A|SCN1A|SCN1B|SCN2A|SCN2B|SCN3A|SCN3B|SCN4A|SCN4B|SCN5A|SCN7A|SCN8A|SCN9A",-0.142405651608106,1,-0.142405651608106,NA,-0.142405651608106
"269","zibotentan","Phase 3","endothelin receptor antagonist","EDNRA",-0.139338166945529,1,-0.139338166945529,NA,-0.139338166945529
"182","piromidic-acid","Phase 2","bacterial DNA gyrase inhibitor","",-0.134504554749954,1,-0.134504554749954,NA,-0.134504554749954
"199","ritanserin","Phase 3","serotonin receptor antagonist","ADRA1A|ADRA1B|ADRA1D|HTR1A|HTR1B|HTR1D|HTR2A|HTR2B|HTR2C|HTR5A|HTR6|HTR7",-0.13060048336122,1,-0.13060048336122,NA,-0.13060048336122
"272","ZM-336372","Preclinical","RAF inhibitor","BRAF|LCK|MAPK14|RAF1",-0.120189626324595,2,-0.120189626324595,0.992368301018265,-0.120189626324595
"83","enzastaurin","Phase 3","PKC inhibitor","AKT1|GSK3B|PRKCA|PRKCB|PRKCD|PRKCG",-0.117132469893206,3,-0.163970998326827,0.387192903729263,-0.117132469893206
"74","donepezil","Launched","acetylcholinesterase inhibitor","ACHE|HTR2A",-0.115913738613125,1,-0.115913738613125,NA,-0.115913738613125
"211","SDM25N","Preclinical","opioid receptor antagonist","OPRD1",-0.107361963190184,1,-0.107361963190184,NA,-0.107361963190184
"25","benzonatate","Launched","local anesthetic","SCN5A",-0.10345789180145,1,-0.10345789180145,NA,-0.10345789180145
"190","promazine","Launched","dopamine receptor antagonist","ADRA1A|ADRA1B|ADRA1D|CHRM1|CHRM2|CHRM3|CHRM4|CHRM5|DRD1|DRD2|DRD3|DRD4|HRH1|HTR2A|HTR2C",-0.10187767242982,1,-0.10187767242982,NA,-0.10187767242982
"239","torin-2","Preclinical","mTOR inhibitor","MTOR",-0.0997397285740845,1,-0.0997397285740845,NA,-0.0997397285740845
"121","L-670596","Preclinical","prostanoid receptor antagonist","",-0.0933258970068785,1,-0.0933258970068785,NA,-0.0933258970068785
"1","10-DEBC","Preclinical","AKT inhibitor","PIM1",-0.081799591002045,1,-0.081799591002045,NA,-0.081799591002045
"200","rosuvastatin","Launched","HMGCR inhibitor","HMGCR",-0.0795686930656255,1,-0.0795686930656255,NA,-0.0795686930656255
"148","naringenin","Phase 1","aromatase inhibitor|TRPV antagonist","CYP19A1|CYP1B1|ESR2|GLO1|HSD17B1",-0.0783602900167317,1,-0.0783602900167317,NA,-0.0783602900167317
"137","mianserin","Launched","serotonin receptor antagonist","ADRA1A|ADRA1B|ADRA1D|ADRA2A|ADRA2B|ADRA2C|DRD1|DRD2|DRD3|DRD5|HRH1|HRH2|HRH4|HTR1A|HTR1F|HTR2A|HTR2B|HTR2C|HTR6|HTR7|OPRK1|SLC6A2|SLC6A3|SLC6A4",-0.068786019706265,1,-0.068786019706265,NA,-0.068786019706265
"204","RWJ-21757","Phase 1","toll-like receptor agonist","TLR7",-0.068042387060792,1,-0.068042387060792,NA,-0.068042387060792
"55","CMPD-1","Preclinical","p38 MAPK inhibitor","GNRHR|MAPK14",-0.063487637107269,1,-0.063487637107269,NA,-0.063487637107269
"70","dexamethasone","Launched","glucocorticoid receptor agonist","ANXA1|NOS2|NR0B1|NR3C1|NR3C2",-0.057538575943484,2,-0.057538575943484,0.720383930266272,-0.057538575943484
"5","AG-14361","Preclinical","PARP inhibitor","PARP1",-0.051031790295594,1,-0.051031790295594,NA,-0.051031790295594
"47","CGS-15943","Preclinical","adenosine receptor antagonist","ADORA1|ADORA2A|ADORA2B|ADORA3",-0.0481966908347275,2,-0.0481966908347275,0.641969876542945,-0.0481966908347275
"101","floxuridine","Launched","DNA synthesis inhibitor","TYMS",-0.0407138873396542,1,-0.0407138873396542,NA,-0.0407138873396542
"98","fenoterol","Withdrawn","adrenergic receptor agonist","ADRB1|ADRB2|ADRB3",-0.0339282394497119,1,-0.0339282394497119,NA,-0.0339282394497119
"7","AM-404","Preclinical","cyclooxygenase inhibitor|FAAH inhibitor|TRPV antagonist","CNR1|CNR2|FAAH|TRPV1",-0.0201710355084588,1,-0.0201710355084588,NA,-0.0201710355084588
"130","mepacrine","Launched","cytokine production inhibitor|NFkB pathway inhibitor|TP53 activator","PLA2G1B|PLA2G4A|PLA2G6|PLCL1",-0.0106587345851147,3,-0.0669269380925823,0.615799824492092,-0.0106587345851147
"226","temozolomide","Launched","DNA alkylating agent","MGMT",-0.00158021937163044,1,-0.00158021937163044,NA,-0.00158021937163044
"125","lasalocid","Launched","bacterial permeability inducer","",0.00353225506599736,1,0.00353225506599736,NA,0.00353225506599736
"157","NSC-632839","Preclinical","ubiquitin specific protease inhibitor","SENP2|USP1|USP2|USP7",0.00655326268823198,2,0.00655326268823198,0.720318201805481,0.00655326268823198
"133","methylene-blue","Launched","guanylyl cyclase inhibitor|nitric oxide production inhibitor","ACHE",0.0115263060048336,1,0.0115263060048336,NA,0.0115263060048336
"197","quercetin","Launched","polar auxin transport inhibitor","ATP5A1|ATP5B|ATP5C1|HCK|HIBCH|PIK3CG|PIM1|STK17B|UGT3A1",0.0129825866022183,3,0.149841978062837,0.586692449656318,0.0129825866022183
"235","tivozanib","Phase 3","VEGFR inhibitor","FLT1|FLT4|KDR|KIT|PDGFRA|PDGFRB",0.0211005763153003,1,0.0211005763153003,NA,0.0211005763153003
"6","alvocidib","Phase 2","CDK inhibitor","CDK1|CDK2|CDK4|CDK5|CDK6|CDK7|CDK8|CDK9|EGFR|PYGM",0.0227737497676148,1,0.0227737497676148,NA,0.0227737497676148
"13","amsacrine","Launched","topoisomerase inhibitor","KCNH2|TOP2A",0.027421453801822,1,0.027421453801822,NA,0.027421453801822
"44","cediranib","Phase 3","KIT inhibitor|VEGFR inhibitor","CSF1R|FLT1|FLT3|FLT4|KDR|KIT|PDGFRA|PDGFRB",0.0375069715560515,2,0.0375069715560515,0.518531827177977,0.0375069715560515
"155","norgestimate","Launched","progesterone receptor agonist","ESR1|PGR",0.0394125302100762,1,0.0394125302100762,NA,0.0394125302100762
"18","AT-7519","Phase 2","CDK inhibitor","CDK1|CDK2|CDK4|CDK5|CDK6|CDK9",0.0439982648571607,1,0.0439982648571607,NA,0.0439982648571607
"240","tosedostat","Phase 2","peptidase inhibitor","ANPEP|LAP3|NPEPPS",0.0597694738799033,1,0.0597694738799033,NA,0.0597694738799033
"2","3-amino-benzamide","Phase 2","PARP inhibitor","PARP1",0.0633017289459007,1,0.0633017289459007,NA,0.0633017289459007
"225","tanespimycin","Phase 3","HSP inhibitor","HSP90AA1",0.0650678564788995,2,0.0650678564788995,0.170631084212705,0.0650678564788995
"120","L-368899","Phase 1","oxytocin receptor antagonist","AVPR1A|AVPR2|OXTR",0.0742703104666295,1,0.0742703104666295,NA,0.0742703104666295
"43","CD-437","Preclinical","retinoid receptor agonist","RARG",0.0826361777282023,1,0.0826361777282023,NA,0.0826361777282023
"180","pifithrin-alpha","Preclinical","TP53 inhibitor","TP53",0.0927681725227738,1,0.0927681725227738,NA,0.0927681725227738
"34","bromperidol","Launched","dopamine receptor antagonist","DRD2",0.0990890500092954,1,0.0990890500092954,NA,0.0990890500092954
"86","erythromycin","Launched","NFkB pathway inhibitor","MLNR",0.108152072875999,2,0.108152072875999,0.653538085642112,0.108152072875999
"271","ZK-93423","Phase 3","benzodiazepine receptor agonist","GABRA1|GABRA2|GABRA3|GABRA5|GABRB2|GABRG2",0.108570366239078,1,0.108570366239078,NA,0.108570366239078
"158","nutlin-3","Preclinical","MDM inhibitor","MDM2|TP53",0.115820784532441,2,0.115820784532441,0.0445638964161069,0.115820784532441
"82","enzalutamide","Launched","androgen receptor antagonist","AR",0.121150151824999,1,0.121150151824999,NA,0.121150151824999
"62","dabrafenib","Launched","RAF inhibitor","BRAF|LIMK1|NEK11|RAF1|SIK1",0.126324595649749,1,0.126324595649749,NA,0.126324595649749
"141","mitotane","Launched","antineoplastic agent","CYP11A1|CYP11B1|ESR1|FDX1",0.134225692507901,1,0.134225692507901,NA,0.134225692507901
"38","BX-912","Preclinical","pyruvate dehydrogenase kinase inhibitor","CDK2|CHEK1|GSK3B|KDR|PDK1|PDPK1",0.1359918200409,2,0.1359918200409,0.0652026331043923,0.1359918200409
"85","erlotinib","Launched","EGFR inhibitor","EGFR|NR1I2",0.137695978186776,1,0.137695978186776,NA,0.137695978186776
"179","piceatannol","Preclinical","SYK inhibitor","ATP5A1|ATP5B|ATP5C1|IRF3",0.142312697527421,1,0.142312697527421,NA,0.142312697527421
"54","closantel","Launched","chitinase inhibitor|NFkB pathway inhibitor","",0.142684513850158,1,0.142684513850158,NA,0.142684513850158
"259","vincristine","Launched","tubulin polymerization inhibitor","TUBA4A|TUBB",0.14900539133668,1,0.14900539133668,NA,0.14900539133668
"273","zolantidine","Preclinical","histamine receptor antagonist","",0.15867261572783,1,0.15867261572783,NA,0.15867261572783
"28","BI-2536","Phase 2","PLK inhibitor","BRD4|PLK1|PLK2|PLK3",0.159602156534672,1,0.159602156534672,NA,0.159602156534672
"132","metformin","Launched","insulin sensitizer","ACACB|PRKAB1",0.16090351366425,1,0.16090351366425,NA,0.16090351366425
"39","camptothecin","Phase 3","topoisomerase inhibitor","TOP1",0.167875069715561,1,0.167875069715561,NA,0.167875069715561
"175","PHA-793887","Phase 1","CDK inhibitor","CDK1|CDK2|CDK4|CDK5|CDK7|CDK9",0.168339840118981,1,0.168339840118981,NA,0.168339840118981
"229","terfenadine","Withdrawn","histamine receptor antagonist","CHRM1|CHRM2|CHRM3|CHRM4|CHRM5|HRH1|KCNH1|KCNH2",0.17168618702361,1,0.17168618702361,NA,0.17168618702361
"108","granisetron","Launched","serotonin receptor antagonist","HTR3A",0.172615727830452,1,0.172615727830452,NA,0.172615727830452
"168","parbendazole","Preclinical","tubulin polymerization inhibitor","TUBB",0.186310962384582,1,0.186310962384582,NA,0.186310962384582
"139","mirtazapine","Launched","adrenergic receptor antagonist|serotonin receptor antagonist","ADRA1A|ADRA1B|ADRA1D|ADRA2A|ADRA2B|ADRA2C|ADRB1|ADRB2|DRD1|DRD2|DRD3|DRD5|HRH1|HRH3|HTR2A|HTR2B|HTR2C|HTR3A|HTR7|OPRK1|SLC6A2|SLC6A3|SLC6A4",0.186837702175126,1,0.186837702175126,NA,0.186837702175126
"227","temsirolimus","Launched","mTOR inhibitor","MTOR",0.190555865402491,4,0.444924707194645,0.650684597923499,0.190555865402491
"31","BMS-191011","Preclinical","potassium channel activator","KCNMA1",0.197295036252091,2,0.197295036252091,0.450042771034049,0.197295036252091
"184","podophyllotoxin","Launched","microtubule inhibitor|tubulin polymerization inhibitor","IGF1R|TOP2A|TUBA4A|TUBB",0.200347028567888,1,0.200347028567888,NA,0.200347028567888
"262","WAY-161503","Preclinical","serotonin receptor agonist","HTR2C",0.214352110057632,1,0.214352110057632,NA,0.214352110057632
"87","erythrosine","Preclinical","coloring agent","",0.218070273284997,1,0.218070273284997,NA,0.218070273284997
"49","cholic-acid","Launched","bile acid","ADH1C|CES1|COX4I1|COX5A|COX5B|COX6A2|COX6B1|COX6C|COX7A1|COX7B|COX7C|COX8A|ESRRG|FABP6|FECH|GPBAR1|MT-CO1|MT-CO2|MT-CO3|PLA2G1B",0.219371630414575,1,0.219371630414575,NA,0.219371630414575
"147","naltrindole","Preclinical","opioid receptor antagonist","OPRD1|OPRK1|OPRM1",0.225971370143149,1,0.225971370143149,NA,0.225971370143149
"208","SB-203580","Preclinical","p38 MAPK inhibitor","AKT1|ALOX5|CHEK1|CYP2D6|CYP3A4|GAK|GSK3B|LCK|MAPK1|MAPK10|MAPK11|MAPK12|MAPK14|MAPK8|MAPK9|PRKCA|RAF1|RIPK2|ROCK1|RPS6KB1|SGK1|SRC|TNF",0.23630476544587,2,0.23630476544587,0.4676141795521,0.23630476544587
"185","PPT","Preclinical","estrogen receptor agonist","ESR1",0.241076408254322,2,0.241076408254322,0.596091410911024,0.241076408254322
"64","dactinomycin","Launched","RNA polymerase inhibitor","POLR2A",0.246328313812976,1,0.246328313812976,NA,0.246328313812976
"146","mometasone","Launched","glucocorticoid receptor agonist","NR3C1",0.249116936233501,1,0.249116936233501,NA,0.249116936233501
"72","digoxin","Launched","ATPase inhibitor","ATP1A1",0.250092954080684,2,0.250092954080684,0.348295113730016,0.250092954080684
"113","IKK-2-inhibitor-V","Phase 1","IKK inhibitor|NFkB pathway inhibitor","IKBKB",0.25246328313813,1,0.25246328313813,NA,0.25246328313813
"24","benzethonium","Launched","sodium channel blocker","SCN10A",0.277096114519427,1,0.277096114519427,NA,0.277096114519427
"30","bisindolylmaleimide-ix","Preclinical","PKC inhibitor","AKT1|GSK3B|LCK|MAPK1|MAPK11|MAPK12|MAPK14|MAPK8|PRKCA|ROCK1|RPS6KB1|SIRT1",0.282022680795687,1,0.282022680795687,NA,0.282022680795687
"270","ZK-164015","Preclinical","estrogen receptor antagonist","ESR1|ESR2",0.284811303216211,1,0.284811303216211,NA,0.284811303216211
"65","dasatinib","Launched","Bcr-Abl kinase inhibitor|ephrin inhibitor|KIT inhibitor|PDGFR tyrosine kinase receptor inhibitor|src inhibitor|tyrosine kinase inhibitor","ABL1|ABL2|BLK|EPHA2|FGR|FRK|FYN|HCK|KIT|LCK|LYN|PDGFRB|SRC|SRMS|STAT5B|YES1",0.287646402677078,2,0.287646402677078,0.0656627323299277,0.287646402677078
"275","zoxazolamine","Phase 2","myorelaxant","",0.292712400074363,1,0.292712400074363,NA,0.292712400074363
"253","UB-165","Preclinical","acetylcholine receptor agonist","CHRNA3|CHRNA4|CHRNB2",0.310559583565719,1,0.310559583565719,NA,0.310559583565719
"198","R-96544","Preclinical","serotonin receptor antagonist","HTR2A",0.316601598810188,1,0.316601598810188,NA,0.316601598810188
"12","amoxicillin","Launched","penicillin binding protein inhibitor","CYP2C19|SLC15A1|SLC15A2|SLC22A6",0.328499721137758,1,0.328499721137758,NA,0.328499721137758
"71","digoxigenin","Preclinical","steroid","",0.333984011898122,1,0.333984011898122,NA,0.333984011898122
"201","RS-100329","Preclinical","adrenergic receptor antagonist","ADRA1A|ADRA1D",0.345975088306377,1,0.345975088306377,NA,0.345975088306377
"142","mitoxantrone","Launched","topoisomerase inhibitor","TOP2A",0.348996095928611,2,0.348996095928611,0.0475216771516896,0.348996095928611
"89","estrone","Launched","estrogen receptor agonist|estrogenic hormone","ESR1|ESR2",0.361498419780628,1,0.361498419780628,NA,0.361498419780628
"241","tosufloxacin","Launched","bacterial DNA gyrase inhibitor","",0.372281093139989,1,0.372281093139989,NA,0.372281093139989
"90","ethambutol","Launched","bacterial cell wall synthesis inhibitor","",0.385201710355085,1,0.385201710355085,NA,0.385201710355085
"274","zonisamide","Launched","sodium channel blocker|T-type calcium channel blocker","CA1|CA10|CA11|CA12|CA13|CA14|CA2|CA3|CA4|CA5A|CA5B|CA6|CA7|CA8|CA9|CACNA1G|CACNA1H|CACNA1I|MAOA|MAOB|SCN10A|SCN11A|SCN1A|SCN1B|SCN2A|SCN2B|SCN3A|SCN3B|SCN4A|SCN4B|SCN5A|SCN7A|SCN8A|SCN9A",0.389849414389292,1,0.389849414389292,NA,0.389849414389292
"268","YM-155","Phase 2","survivin inhibitor","BIRC5",0.394156286794324,1,0.394156286794324,NA,0.394156286794324
"16","antimycin-a","Preclinical","ATP synthase inhibitor","CYCS",0.396728016359918,1,0.396728016359918,NA,0.396728016359918
"173","PF-04217903","Phase 1","c-Met inhibitor","MET",0.414234368222099,1,0.414234368222099,NA,0.414234368222099
"165","ouabain","Launched","ATPase inhibitor","ATP1A1",0.428332403792527,2,0.428332403792527,0.28276383832167,0.428332403792527
"3","ABT-737","Phase 1/Phase 2","BCL inhibitor","BCL2|BCL2L1|BCL2L2",0.440509388362149,1,0.440509388362149,NA,0.440509388362149
"250","TWS-119","Preclinical","glycogen synthase kinase inhibitor","GSK3B|JUN|MYC",0.440509388362149,1,0.440509388362149,NA,0.440509388362149
"232","TG-101348","Phase 3","FLT3 inhibitor|JAK inhibitor","BRD4|JAK1|JAK2|JAK3|TYK2",0.442647332217884,1,0.442647332217884,NA,0.442647332217884
"52","CL-218872","Phase 1","benzodiazepine receptor agonist","GABRA1|GABRA2|GABRA3|GABRA5|GABRB2|GABRG2",0.471834913552705,1,0.471834913552705,NA,0.471834913552705
"117","JLK-6","Preclinical","gamma secretase inhibitor","PSEN1",0.477040342071017,1,0.477040342071017,NA,0.477040342071017
"181","pifithrin-mu","Preclinical","HSP inhibitor","HSPA1A|TP53",0.479085331846068,2,0.479085331846068,0.0875503097732373,0.479085331846068
"4","acadesine","Phase 3","AMPK activator","",0.483268265476854,1,0.483268265476854,NA,0.483268265476854
"19","atovaquone","Launched","mitochondrial electron transport inhibitor","DHODH",0.498326826547686,1,0.498326826547686,NA,0.498326826547686
"128","lylamine","Preclinical","cannabinoid receptor agonist","CNR1",0.510596765197992,1,0.510596765197992,NA,0.510596765197992
"264","WYE-125132","Preclinical","mTOR inhibitor","MTOR",0.520202020202021,1,0.520202020202021,NA,0.520202020202021
"143","MK-2206","Phase 2","AKT inhibitor","AKT1|AKT2|AKT3",0.520604821218318,2,0.520604821218318,0.0369832139382439,0.520604821218318
"50","cirazoline","Preclinical","adrenergic receptor agonist","ADRA1A",0.528165086447295,1,0.528165086447295,NA,0.528165086447295
"9","amiodarone","Launched","potassium channel blocker","ADRB1|CACNA1H|CACNA2D2|KCNA7|KCNH2",0.531790295593977,1,0.531790295593977,NA,0.531790295593977
"144","MLN-8054","Phase 1","Aurora kinase inhibitor","AURKA",0.545803123257111,4,0.593418851087563,0.30191590699608,0.545803123257111
"162","oligomycin-a","Preclinical","ATP synthase inhibitor|ATPase inhibitor","ATP5A1",0.61647146309723,1,0.61647146309723,NA,0.61647146309723
"80","enrofloxacin","Launched","bacterial DNA gyrase inhibitor","",0.617958728388176,1,0.617958728388176,NA,0.617958728388176
"26","benzthiazide","Launched","carbonic anhydrase inhibitor","CA1|CA12|CA2|CA4|CA9|SLC12A3",0.61916713143707,1,0.61916713143707,NA,0.61916713143707
"53","clonidine","Launched","adrenergic receptor agonist","ADRA1A|ADRA1B|ADRA1D|ADRA2A|ADRA2B|ADRA2C",0.627532998698643,1,0.627532998698643,NA,0.627532998698643
"112","IBC-293","Preclinical","hydroxycarboxylic acid receptor agonist","HCAR3",0.631715932329429,1,0.631715932329429,NA,0.631715932329429
"245","triamcinolone","Launched","glucocorticoid receptor agonist","NR3C1|SERPINA6",0.637386131251162,1,0.637386131251162,NA,0.637386131251162
"114","ilomastat","Phase 3","matrix metalloprotease inhibitor","ACAN|ADAM28|MMP1|MMP12|MMP13|MMP14|MMP2|MMP3|MMP8|MMP9",0.640360661833054,1,0.640360661833054,NA,0.640360661833054
"169","parthenolide","Phase 1","NFkB pathway inhibitor","",0.642684513850158,1,0.642684513850158,NA,0.642684513850158
"69","desoxycortone","Preclinical","mineralocorticoid receptor agonist","NR3C1|NR3C2",0.666341327384272,2,0.666341327384272,0.141513376082417,0.666341327384272
"75","doramapimod","Phase 2","p38 MAPK inhibitor","MAPK11|MAPK12|MAPK13|MAPK14",0.669300365619384,1,0.669300365619384,NA,0.669300365619384
"256","ursolic-acid","Phase 1","ATPase inhibitor|NFkB pathway inhibitor|STAT inhibitor","HSD11B1|PLA2G1B|PTPN1|PYGM",0.724948875255624,1,0.724948875255624,NA,0.724948875255624
"149","nelfinavir","Launched","HIV protease inhibitor","CYP1A2|CYP2B6|CYP2C19|CYP2C9|CYP2D6|CYP3A4|CYP3A7",0.801078267335936,1,0.801078267335936,NA,0.801078267335936
"15","anisomycin","Preclinical","DNA synthesis inhibitor","NHP2L1|RPL10L|RPL11|RPL13A|RPL15|RPL19|RPL23|RPL23A|RPL26L1|RPL3|RPL37|RPL8|RSL24D1",NA,1,NA,NA,NA
"32","bortezomib","Launched","NFkB pathway inhibitor|proteasome inhibitor","PSMA1|PSMA2|PSMA3|PSMA4|PSMA5|PSMA6|PSMA7|PSMA8|PSMB1|PSMB10|PSMB11|PSMB2|PSMB3|PSMB4|PSMB5|PSMB6|PSMB7|PSMB8|PSMB9|PSMD1|PSMD2|RELA",NA,2,NA,NA,NA
"33","brefeldin-a","Preclinical","protein synthesis inhibitor","ARF1|CYTH2",NA,1,NA,NA,NA
"40","canertinib","Phase 3","EGFR inhibitor","AKT1|EGFR|ERBB2|ERBB4",NA,2,NA,NA,NA
"51","cisplatin","Launched","DNA alkylating agent|DNA synthesis inhibitor","XIAP",NA,1,NA,NA,NA
"57","CP-724714","Phase 2","EGFR inhibitor|protein tyrosine kinase inhibitor","ERBB2",NA,1,NA,NA,NA
"60","CYT-997","Phase 2","tubulin polymerization inhibitor","TUBB",NA,2,NA,NA,NA
"79","emetine","Phase 2","protein synthesis inhibitor","RPS2",NA,2,NA,NA,NA
"88","estradiol","Launched","estrogen receptor agonist","ESR1|ESR2|GPER1|KCNMA1|NR1I2",NA,3,NA,NA,NA
"106","geldanamycin","Preclinical","HSP inhibitor","HSP90AA1|HSP90AB1",NA,10,NA,NA,NA
"107","gemcitabine","Launched","ribonucleotide reductase inhibitor","CMPK1|RRM1|RRM2|TYMS",NA,3,NA,NA,NA
"167","palbociclib","Launched","CDK inhibitor","CDK4|CDK6",NA,1,NA,NA,NA
"170","pazopanib","Launched","KIT inhibitor|PDGFR tyrosine kinase receptor inhibitor|VEGFR inhibitor","CSF1R|FGF1|FGFR1|FGFR3|FLT1|FLT4|ITK|KDR|KIT|PDGFRA|PDGFRB|SH2B3",NA,1,NA,NA,NA
"207","saracatinib","Phase 2/Phase 3","src inhibitor","ABL1|LCK|SRC|YES1",NA,3,NA,NA,NA
"213","selumetinib","Phase 3","MEK inhibitor","MAP2K1",NA,3,NA,NA,NA
"218","SN-38","Launched","topoisomerase inhibitor","TOP1",NA,2,NA,NA,NA
"228","teniposide","Launched","topoisomerase inhibitor","TOP2A|TOP2B",NA,4,NA,NA,NA
"242","tozasertib","Phase 2","Aurora kinase inhibitor|Bcr-Abl kinase inhibitor|FLT3 inhibitor|JAK inhibitor","AURKA|AURKB|AURKC|LCK",NA,2,NA,NA,NA
"246","trichostatin-a","Preclinical","HDAC inhibitor","HDAC1|HDAC10|HDAC2|HDAC3|HDAC4|HDAC5|HDAC6|HDAC7|HDAC8|HDAC9",NA,19,NA,NA,NA
"249","triptolide","Phase 3","RNA polymerase inhibitor","RELA",NA,1,NA,NA,NA
"251","tyrphostin-A9","Preclinical","protein tyrosine kinase inhibitor|tyrosine kinase inhibitor","",NA,1,NA,NA,NA
"260","vorinostat","Launched","HDAC inhibitor","HDAC1|HDAC10|HDAC11|HDAC2|HDAC3|HDAC5|HDAC6|HDAC8|HDAC9",NA,7,NA,NA,NA
"261","VX-745","Phase 2","p38 MAPK inhibitor","MAPK11|MAPK12|MAPK14",NA,1,NA,NA,NA
"263","wortmannin","Preclinical","PI3K inhibitor","PI4KA|PI4KB|PIK3CA|PIK3CD|PIK3CG|PIK3R1|PLK1|PRKDC",NA,8,NA,NA,NA
"265","WZ-4002","Preclinical","EGFR inhibitor","EGFR|ERBB2",NA,1,NA,NA,NA
"266","XAV-939","Preclinical","tankyrase inhibitor","TNKS|TNKS2",NA,2,NA,NA,NA
"267","Y-39983","Phase 2","rho associated kinase inhibitor","ROCK1|ROCK2",NA,1,NA,NA,NA
